image_path,ocr_text,yolo_classes,yolo_confs,topic
dataset/raw/bag/bag_0001.jpg,,,,bags
dataset/raw/bag/bag_0002.jpg,,,,bags
dataset/raw/bag/bag_0003.jpg,,,,bags
dataset/raw/bag/bag_0004.jpg,,,,bags
dataset/raw/bag/bag_0005.jpg,,,,bags
dataset/raw/bag/bag_0006.jpg,,,,bags
dataset/raw/bag/bag_0007.jpg,,,,bags
dataset/raw/bag/bag_0008.jpg,,,,bags
dataset/raw/bag/bag_0009.jpg,,,,bags
dataset/raw/bag/bag_0010.jpg,,,,bags
dataset/raw/bag/bag_0011.jpg,,,,bags
dataset/raw/bag/bag_0012.jpg,,,,bags
dataset/raw/bag/bag_0013.jpg,,,,bags
dataset/raw/bag/bag_0014.jpg,,,,bags
dataset/raw/bag/bag_0015.jpg,,,,bags
dataset/raw/bag/bag_0016.jpg,,,,bags
dataset/raw/bag/bag_0017.jpg,,,,bags
dataset/raw/bag/bag_0018.jpg,,,,bags
dataset/raw/bag/bag_0019.jpg,,,,bags
dataset/raw/bag/bag_0020.jpg,,,,bags
dataset/raw/bag/bag_0021.jpg,,,,bags
dataset/raw/bag/bag_0022.jpg,,,,bags
dataset/raw/bag/bag_0023.jpg,,,,bags
dataset/raw/bag/bag_0024.jpg,,,,bags
dataset/raw/bag/bag_0025.jpg,,,,bags
dataset/raw/bag/bag_0026.jpg,,,,bags
dataset/raw/bag/bag_0027.jpg,,,,bags
dataset/raw/bag/bag_0028.jpg,,,,bags
dataset/raw/bag/bag_0029.jpg,,,,bags
dataset/raw/bag/bag_0030.jpg,,,,bags
dataset/raw/bag/bag_0031.jpg,,,,bags
dataset/raw/bag/bag_0032.jpg,,,,bags
dataset/raw/bag/bag_0033.jpg,,,,bags
dataset/raw/bag/bag_0034.jpg,,,,bags
dataset/raw/bag/bag_0035.jpg,,,,bags
dataset/raw/bag/bag_0036.jpg,,,,bags
dataset/raw/bag/bag_0037.jpg,,,,bags
dataset/raw/bag/bag_0038.jpg,,,,bags
dataset/raw/bag/bag_0039.jpg,,,,bags
dataset/raw/bag/bag_0040.jpg,,,,bags
dataset/raw/bag/bag_0041.jpg,,,,bags
dataset/raw/bag/bag_0042.jpg,,,,bags
dataset/raw/bag/bag_0043.jpg,,,,bags
dataset/raw/bag/bag_0044.jpg,,,,bags
dataset/raw/bag/bag_0045.jpg,,,,bags
dataset/raw/bag/bag_0046.jpg,,,,bags
dataset/raw/bag/bag_0047.jpg,,,,bags
dataset/raw/bag/bag_0048.jpg,,,,bags
dataset/raw/bag/bag_0049.jpg,,,,bags
dataset/raw/bag/bag_0050.jpg,,,,bags
dataset/raw/bag/bag_0051.jpg,,,,bags
dataset/raw/bag/bag_0052.jpg,,,,bags
dataset/raw/bag/bag_0053.jpg,,,,bags
dataset/raw/bag/bag_0054.jpg,,,,bags
dataset/raw/bag/bag_0055.jpg,,,,bags
dataset/raw/bag/bag_0056.jpg,,,,bags
dataset/raw/bag/bag_0057.jpg,,,,bags
dataset/raw/bag/bag_0058.jpg,,,,bags
dataset/raw/bag/bag_0059.jpg,,,,bags
dataset/raw/bag/bag_0060.jpg,,,,bags
dataset/raw/chair/chair_0001.jpg,,,,chairs
dataset/raw/chair/chair_0002.jpg,,,,chairs
dataset/raw/chair/chair_0003.jpg,,,,chairs
dataset/raw/chair/chair_0004.jpg,,,,chairs
dataset/raw/chair/chair_0005.jpg,,,,chairs
dataset/raw/chair/chair_0006.jpg,,,,chairs
dataset/raw/chair/chair_0007.jpg,,,,chairs
dataset/raw/chair/chair_0008.jpg,,,,chairs
dataset/raw/chair/chair_0009.jpg,,,,chairs
dataset/raw/chair/chair_0010.jpg,,,,chairs
dataset/raw/chair/chair_0011.jpg,,,,chairs
dataset/raw/chair/chair_0012.jpg,,,,chairs
dataset/raw/chair/chair_0013.jpg,,,,chairs
dataset/raw/chair/chair_0014.jpg,,,,chairs
dataset/raw/chair/chair_0015.jpg,,,,chairs
dataset/raw/chair/chair_0016.jpg,,,,chairs
dataset/raw/chair/chair_0017.jpg,,,,chairs
dataset/raw/chair/chair_0018.jpg,,,,chairs
dataset/raw/chair/chair_0019.jpg,,,,chairs
dataset/raw/chair/chair_0020.jpg,,,,chairs
dataset/raw/chair/chair_0021.jpg,,,,chairs
dataset/raw/chair/chair_0022.jpg,,,,chairs
dataset/raw/chair/chair_0023.jpg,,,,chairs
dataset/raw/chair/chair_0024.jpg,,,,chairs
dataset/raw/chair/chair_0025.jpg,,,,chairs
dataset/raw/chair/chair_0026.jpg,,,,chairs
dataset/raw/chair/chair_0027.jpg,,,,chairs
dataset/raw/chair/chair_0028.jpg,,,,chairs
dataset/raw/chair/chair_0029.jpg,,,,chairs
dataset/raw/chair/chair_0030.jpg,,,,chairs
dataset/raw/chair/chair_0031.jpg,,,,chairs
dataset/raw/chair/chair_0032.jpg,,,,chairs
dataset/raw/chair/chair_0033.jpg,,,,chairs
dataset/raw/chair/chair_0034.jpg,,,,chairs
dataset/raw/chair/chair_0035.jpg,,,,chairs
dataset/raw/chair/chair_0036.jpg,,,,chairs
dataset/raw/chair/chair_0037.jpg,,,,chairs
dataset/raw/chair/chair_0038.jpg,,,,chairs
dataset/raw/chair/chair_0039.jpg,,,,chairs
dataset/raw/chair/chair_0040.jpg,,,,chairs
dataset/raw/chair/chair_0041.jpg,,,,chairs
dataset/raw/chair/chair_0042.jpg,,,,chairs
dataset/raw/chair/chair_0043.jpg,,,,chairs
dataset/raw/chair/chair_0044.jpg,,,,chairs
dataset/raw/chair/chair_0045.jpg,,,,chairs
dataset/raw/chair/chair_0046.jpg,,,,chairs
dataset/raw/chair/chair_0047.jpg,,,,chairs
dataset/raw/chair/chair_0048.jpg,,,,chairs
dataset/raw/chair/chair_0049.jpg,,,,chairs
dataset/raw/chair/chair_0050.jpg,,,,chairs
dataset/raw/chair/chair_0051.jpg,,,,chairs
dataset/raw/chair/chair_0052.jpg,,,,chairs
dataset/raw/chair/chair_0053.jpg,,,,chairs
dataset/raw/chair/chair_0054.jpg,,,,chairs
dataset/raw/chair/chair_0055.jpg,,,,chairs
dataset/raw/chair/chair_0056.jpg,,,,chairs
dataset/raw/chair/chair_0057.jpg,,,,chairs
dataset/raw/chair/chair_0058.jpg,,,,chairs
dataset/raw/chair/chair_0059.jpg,,,,chairs
dataset/raw/chair/chair_0060.jpg,,,,chairs
dataset/raw/clock/clock_0001.jpg,,,,clocks
dataset/raw/clock/clock_0002.jpg,,,,clocks
dataset/raw/clock/clock_0003.jpg,,,,clocks
dataset/raw/clock/clock_0004.jpg,,,,clocks
dataset/raw/clock/clock_0005.jpg,,,,clocks
dataset/raw/clock/clock_0006.jpg,,,,clocks
dataset/raw/clock/clock_0007.jpg,,,,clocks
dataset/raw/clock/clock_0008.jpg,,,,clocks
dataset/raw/clock/clock_0009.jpg,,,,clocks
dataset/raw/clock/clock_0010.jpg,,,,clocks
dataset/raw/clock/clock_0011.jpg,,,,clocks
dataset/raw/clock/clock_0012.jpg,,,,clocks
dataset/raw/clock/clock_0013.jpg,,,,clocks
dataset/raw/clock/clock_0014.jpg,,,,clocks
dataset/raw/clock/clock_0015.jpg,,,,clocks
dataset/raw/clock/clock_0016.jpg,,,,clocks
dataset/raw/clock/clock_0017.jpg,,,,clocks
dataset/raw/clock/clock_0018.jpg,,,,clocks
dataset/raw/clock/clock_0019.jpg,,,,clocks
dataset/raw/clock/clock_0020.jpg,,,,clocks
dataset/raw/clock/clock_0021.jpg,,,,clocks
dataset/raw/clock/clock_0022.jpg,,,,clocks
dataset/raw/clock/clock_0023.jpg,,,,clocks
dataset/raw/clock/clock_0024.jpg,,,,clocks
dataset/raw/clock/clock_0025.jpg,,,,clocks
dataset/raw/clock/clock_0026.jpg,,,,clocks
dataset/raw/clock/clock_0027.jpg,,,,clocks
dataset/raw/clock/clock_0028.jpg,,,,clocks
dataset/raw/clock/clock_0029.jpg,,,,clocks
dataset/raw/clock/clock_0030.jpg,,,,clocks
dataset/raw/clock/clock_0031.jpg,,,,clocks
dataset/raw/clock/clock_0032.jpg,,,,clocks
dataset/raw/clock/clock_0033.jpg,,,,clocks
dataset/raw/clock/clock_0034.jpg,,,,clocks
dataset/raw/clock/clock_0035.jpg,,,,clocks
dataset/raw/clock/clock_0036.jpg,,,,clocks
dataset/raw/clock/clock_0037.jpg,,,,clocks
dataset/raw/clock/clock_0038.jpg,,,,clocks
dataset/raw/clock/clock_0039.jpg,,,,clocks
dataset/raw/clock/clock_0040.jpg,,,,clocks
dataset/raw/clock/clock_0041.jpg,,,,clocks
dataset/raw/clock/clock_0042.jpg,,,,clocks
dataset/raw/clock/clock_0043.jpg,,,,clocks
dataset/raw/clock/clock_0044.jpg,,,,clocks
dataset/raw/clock/clock_0045.jpg,,,,clocks
dataset/raw/clock/clock_0046.jpg,,,,clocks
dataset/raw/clock/clock_0047.jpg,,,,clocks
dataset/raw/clock/clock_0048.jpg,,,,clocks
dataset/raw/clock/clock_0049.jpg,,,,clocks
dataset/raw/clock/clock_0050.jpg,,,,clocks
dataset/raw/clock/clock_0051.jpg,,,,clocks
dataset/raw/clock/clock_0052.jpg,,,,clocks
dataset/raw/clock/clock_0053.jpg,,,,clocks
dataset/raw/clock/clock_0054.jpg,,,,clocks
dataset/raw/clock/clock_0055.jpg,,,,clocks
dataset/raw/clock/clock_0056.jpg,,,,clocks
dataset/raw/clock/clock_0057.jpg,,,,clocks
dataset/raw/clock/clock_0058.jpg,,,,clocks
dataset/raw/clock/clock_0059.jpg,,,,clocks
dataset/raw/clock/clock_0060.jpg,,,,clocks
dataset/raw/cup/cup_0001.jpg,,,,cups
dataset/raw/cup/cup_0002.jpg,,,,cups
dataset/raw/cup/cup_0003.jpg,,,,cups
dataset/raw/cup/cup_0004.jpg,,,,cups
dataset/raw/cup/cup_0005.jpg,,,,cups
dataset/raw/cup/cup_0006.jpg,,,,cups
dataset/raw/cup/cup_0007.jpg,,,,cups
dataset/raw/cup/cup_0008.jpg,,,,cups
dataset/raw/cup/cup_0009.jpg,,,,cups
dataset/raw/cup/cup_0010.jpg,,,,cups
dataset/raw/cup/cup_0011.jpg,,,,cups
dataset/raw/cup/cup_0012.jpg,,,,cups
dataset/raw/cup/cup_0013.jpg,,,,cups
dataset/raw/cup/cup_0014.jpg,,,,cups
dataset/raw/cup/cup_0015.jpg,,,,cups
dataset/raw/cup/cup_0016.jpg,,,,cups
dataset/raw/cup/cup_0017.jpg,,,,cups
dataset/raw/cup/cup_0018.jpg,,,,cups
dataset/raw/cup/cup_0019.jpg,,,,cups
dataset/raw/cup/cup_0020.jpg,,,,cups
dataset/raw/cup/cup_0021.jpg,,,,cups
dataset/raw/cup/cup_0022.jpg,,,,cups
dataset/raw/cup/cup_0023.jpg,,,,cups
dataset/raw/cup/cup_0024.jpg,,,,cups
dataset/raw/cup/cup_0025.jpg,,,,cups
dataset/raw/cup/cup_0026.jpg,,,,cups
dataset/raw/cup/cup_0027.jpg,,,,cups
dataset/raw/cup/cup_0028.jpg,,,,cups
dataset/raw/cup/cup_0029.jpg,,,,cups
dataset/raw/cup/cup_0030.jpg,,,,cups
dataset/raw/cup/cup_0031.jpg,,,,cups
dataset/raw/cup/cup_0032.jpg,,,,cups
dataset/raw/cup/cup_0033.jpg,,,,cups
dataset/raw/cup/cup_0034.jpg,,,,cups
dataset/raw/cup/cup_0035.jpg,,,,cups
dataset/raw/cup/cup_0036.jpg,,,,cups
dataset/raw/cup/cup_0037.jpg,,,,cups
dataset/raw/cup/cup_0038.jpg,,,,cups
dataset/raw/cup/cup_0039.jpg,,,,cups
dataset/raw/cup/cup_0040.jpg,,,,cups
dataset/raw/cup/cup_0041.jpg,,,,cups
dataset/raw/cup/cup_0042.jpg,,,,cups
dataset/raw/cup/cup_0043.jpg,,,,cups
dataset/raw/cup/cup_0044.jpg,,,,cups
dataset/raw/cup/cup_0045.jpg,,,,cups
dataset/raw/cup/cup_0046.jpg,,,,cups
dataset/raw/cup/cup_0047.jpg,,,,cups
dataset/raw/cup/cup_0048.jpg,,,,cups
dataset/raw/cup/cup_0049.jpg,,,,cups
dataset/raw/cup/cup_0050.jpg,,,,cups
dataset/raw/cup/cup_0051.jpg,,,,cups
dataset/raw/cup/cup_0052.jpg,,,,cups
dataset/raw/cup/cup_0053.jpg,,,,cups
dataset/raw/cup/cup_0054.jpg,,,,cups
dataset/raw/cup/cup_0055.jpg,,,,cups
dataset/raw/cup/cup_0056.jpg,,,,cups
dataset/raw/cup/cup_0057.jpg,,,,cups
dataset/raw/cup/cup_0058.jpg,,,,cups
dataset/raw/cup/cup_0059.jpg,,,,cups
dataset/raw/cup/cup_0060.jpg,,,,cups
dataset/raw/cutlery/cutlery_0001.jpg,,,,cutlery
dataset/raw/cutlery/cutlery_0002.jpg,,,,cutlery
dataset/raw/cutlery/cutlery_0003.jpg,,,,cutlery
dataset/raw/cutlery/cutlery_0004.jpg,,,,cutlery
dataset/raw/cutlery/cutlery_0005.jpg,,,,cutlery
dataset/raw/cutlery/cutlery_0006.jpg,,,,cutlery
dataset/raw/cutlery/cutlery_0007.jpg,,,,cutlery
dataset/raw/cutlery/cutlery_0008.jpg,,,,cutlery
dataset/raw/cutlery/cutlery_0009.jpg,,,,cutlery
dataset/raw/cutlery/cutlery_0010.jpg,,,,cutlery
dataset/raw/cutlery/cutlery_0011.jpg,,,,cutlery
dataset/raw/cutlery/cutlery_0012.jpg,,,,cutlery
dataset/raw/cutlery/cutlery_0013.jpg,,,,cutlery
dataset/raw/cutlery/cutlery_0014.jpg,,,,cutlery
dataset/raw/cutlery/cutlery_0015.jpg,,,,cutlery
dataset/raw/cutlery/cutlery_0016.jpg,,,,cutlery
dataset/raw/cutlery/cutlery_0017.jpg,,,,cutlery
dataset/raw/cutlery/cutlery_0018.jpg,,,,cutlery
dataset/raw/cutlery/cutlery_0019.jpg,,,,cutlery
dataset/raw/cutlery/cutlery_0020.jpg,,,,cutlery
dataset/raw/cutlery/cutlery_0021.jpg,,,,cutlery
dataset/raw/cutlery/cutlery_0022.jpg,,,,cutlery
dataset/raw/cutlery/cutlery_0023.jpg,,,,cutlery
dataset/raw/cutlery/cutlery_0024.jpg,,,,cutlery
dataset/raw/cutlery/cutlery_0025.jpg,,,,cutlery
dataset/raw/cutlery/cutlery_0026.jpg,,,,cutlery
dataset/raw/cutlery/cutlery_0027.jpg,,,,cutlery
dataset/raw/cutlery/cutlery_0028.jpg,,,,cutlery
dataset/raw/cutlery/cutlery_0029.jpg,,,,cutlery
dataset/raw/cutlery/cutlery_0030.jpg,,,,cutlery
dataset/raw/cutlery/cutlery_0031.jpg,,,,cutlery
dataset/raw/cutlery/cutlery_0032.jpg,,,,cutlery
dataset/raw/cutlery/cutlery_0033.jpg,,,,cutlery
dataset/raw/cutlery/cutlery_0034.jpg,,,,cutlery
dataset/raw/cutlery/cutlery_0035.jpg,,,,cutlery
dataset/raw/cutlery/cutlery_0036.jpg,,,,cutlery
dataset/raw/cutlery/cutlery_0037.jpg,,,,cutlery
dataset/raw/cutlery/cutlery_0038.jpg,,,,cutlery
dataset/raw/cutlery/cutlery_0039.jpg,,,,cutlery
dataset/raw/cutlery/cutlery_0040.jpg,,,,cutlery
dataset/raw/cutlery/cutlery_0041.jpg,,,,cutlery
dataset/raw/cutlery/cutlery_0042.jpg,,,,cutlery
dataset/raw/cutlery/cutlery_0043.jpg,,,,cutlery
dataset/raw/cutlery/cutlery_0044.jpg,,,,cutlery
dataset/raw/cutlery/cutlery_0045.jpg,,,,cutlery
dataset/raw/cutlery/cutlery_0046.jpg,,,,cutlery
dataset/raw/cutlery/cutlery_0047.jpg,,,,cutlery
dataset/raw/cutlery/cutlery_0048.jpg,,,,cutlery
dataset/raw/cutlery/cutlery_0049.jpg,,,,cutlery
dataset/raw/cutlery/cutlery_0050.jpg,,,,cutlery
dataset/raw/cutlery/cutlery_0051.jpg,,,,cutlery
dataset/raw/cutlery/cutlery_0052.jpg,,,,cutlery
dataset/raw/cutlery/cutlery_0053.jpg,,,,cutlery
dataset/raw/cutlery/cutlery_0054.jpg,,,,cutlery
dataset/raw/cutlery/cutlery_0055.jpg,,,,cutlery
dataset/raw/cutlery/cutlery_0056.jpg,,,,cutlery
dataset/raw/cutlery/cutlery_0057.jpg,,,,cutlery
dataset/raw/cutlery/cutlery_0058.jpg,,,,cutlery
dataset/raw/cutlery/cutlery_0059.jpg,,,,cutlery
dataset/raw/cutlery/cutlery_0060.jpg,,,,cutlery
dataset/raw/glasses/glasses_0001.jpg,,,,glasses
dataset/raw/glasses/glasses_0002.jpg,,,,glasses
dataset/raw/glasses/glasses_0003.jpg,,,,glasses
dataset/raw/glasses/glasses_0004.jpg,,,,glasses
dataset/raw/glasses/glasses_0005.jpg,,,,glasses
dataset/raw/glasses/glasses_0006.jpg,,,,glasses
dataset/raw/glasses/glasses_0007.jpg,,,,glasses
dataset/raw/glasses/glasses_0008.jpg,,,,glasses
dataset/raw/glasses/glasses_0009.jpg,,,,glasses
dataset/raw/glasses/glasses_0010.jpg,,,,glasses
dataset/raw/glasses/glasses_0011.jpg,,,,glasses
dataset/raw/glasses/glasses_0012.jpg,,,,glasses
dataset/raw/glasses/glasses_0013.jpg,,,,glasses
dataset/raw/glasses/glasses_0014.jpg,,,,glasses
dataset/raw/glasses/glasses_0015.jpg,,,,glasses
dataset/raw/glasses/glasses_0016.jpg,,,,glasses
dataset/raw/glasses/glasses_0017.jpg,,,,glasses
dataset/raw/glasses/glasses_0018.jpg,,,,glasses
dataset/raw/glasses/glasses_0019.jpg,,,,glasses
dataset/raw/glasses/glasses_0020.jpg,,,,glasses
dataset/raw/glasses/glasses_0021.jpg,,,,glasses
dataset/raw/glasses/glasses_0022.jpg,,,,glasses
dataset/raw/glasses/glasses_0023.jpg,,,,glasses
dataset/raw/glasses/glasses_0024.jpg,,,,glasses
dataset/raw/glasses/glasses_0025.jpg,,,,glasses
dataset/raw/glasses/glasses_0026.jpg,,,,glasses
dataset/raw/glasses/glasses_0027.jpg,,,,glasses
dataset/raw/glasses/glasses_0028.jpg,,,,glasses
dataset/raw/glasses/glasses_0029.jpg,,,,glasses
dataset/raw/glasses/glasses_0030.jpg,,,,glasses
dataset/raw/glasses/glasses_0031.jpg,,,,glasses
dataset/raw/glasses/glasses_0032.jpg,,,,glasses
dataset/raw/glasses/glasses_0033.jpg,,,,glasses
dataset/raw/glasses/glasses_0034.jpg,,,,glasses
dataset/raw/glasses/glasses_0035.jpg,,,,glasses
dataset/raw/glasses/glasses_0036.jpg,,,,glasses
dataset/raw/glasses/glasses_0037.jpg,,,,glasses
dataset/raw/glasses/glasses_0038.jpg,,,,glasses
dataset/raw/glasses/glasses_0039.jpg,,,,glasses
dataset/raw/glasses/glasses_0040.jpg,,,,glasses
dataset/raw/glasses/glasses_0041.jpg,,,,glasses
dataset/raw/glasses/glasses_0042.jpg,,,,glasses
dataset/raw/glasses/glasses_0043.jpg,,,,glasses
dataset/raw/glasses/glasses_0044.jpg,,,,glasses
dataset/raw/glasses/glasses_0045.jpg,,,,glasses
dataset/raw/glasses/glasses_0046.jpg,,,,glasses
dataset/raw/glasses/glasses_0047.jpg,,,,glasses
dataset/raw/glasses/glasses_0048.jpg,,,,glasses
dataset/raw/glasses/glasses_0049.jpg,,,,glasses
dataset/raw/glasses/glasses_0050.jpg,,,,glasses
dataset/raw/glasses/glasses_0051.jpg,,,,glasses
dataset/raw/glasses/glasses_0052.jpg,,,,glasses
dataset/raw/glasses/glasses_0053.jpg,,,,glasses
dataset/raw/glasses/glasses_0054.jpg,,,,glasses
dataset/raw/glasses/glasses_0055.jpg,,,,glasses
dataset/raw/glasses/glasses_0056.jpg,,,,glasses
dataset/raw/glasses/glasses_0057.jpg,,,,glasses
dataset/raw/glasses/glasses_0058.jpg,,,,glasses
dataset/raw/glasses/glasses_0059.jpg,,,,glasses
dataset/raw/glasses/glasses_0060.jpg,,,,glasses
dataset/raw/hat/hat_0001.jpg,,,,hats
dataset/raw/hat/hat_0002.jpg,,,,hats
dataset/raw/hat/hat_0003.jpg,,,,hats
dataset/raw/hat/hat_0004.jpg,,,,hats
dataset/raw/hat/hat_0005.jpg,,,,hats
dataset/raw/hat/hat_0006.jpg,,,,hats
dataset/raw/hat/hat_0007.jpg,,,,hats
dataset/raw/hat/hat_0008.jpg,,,,hats
dataset/raw/hat/hat_0009.jpg,,,,hats
dataset/raw/hat/hat_0010.jpg,,,,hats
dataset/raw/hat/hat_0011.jpg,,,,hats
dataset/raw/hat/hat_0012.jpg,,,,hats
dataset/raw/hat/hat_0013.jpg,,,,hats
dataset/raw/hat/hat_0014.jpg,,,,hats
dataset/raw/hat/hat_0015.jpg,,,,hats
dataset/raw/hat/hat_0016.jpg,,,,hats
dataset/raw/hat/hat_0017.jpg,,,,hats
dataset/raw/hat/hat_0018.jpg,,,,hats
dataset/raw/hat/hat_0019.jpg,,,,hats
dataset/raw/hat/hat_0020.jpg,,,,hats
dataset/raw/hat/hat_0021.jpg,,,,hats
dataset/raw/hat/hat_0022.jpg,,,,hats
dataset/raw/hat/hat_0023.jpg,,,,hats
dataset/raw/hat/hat_0024.jpg,,,,hats
dataset/raw/hat/hat_0025.jpg,,,,hats
dataset/raw/hat/hat_0026.jpg,,,,hats
dataset/raw/hat/hat_0027.jpg,,,,hats
dataset/raw/hat/hat_0028.jpg,,,,hats
dataset/raw/hat/hat_0029.jpg,,,,hats
dataset/raw/hat/hat_0030.jpg,,,,hats
dataset/raw/hat/hat_0031.jpg,,,,hats
dataset/raw/hat/hat_0032.jpg,,,,hats
dataset/raw/hat/hat_0033.jpg,,,,hats
dataset/raw/hat/hat_0034.jpg,,,,hats
dataset/raw/hat/hat_0035.jpg,,,,hats
dataset/raw/hat/hat_0036.jpg,,,,hats
dataset/raw/hat/hat_0037.jpg,,,,hats
dataset/raw/hat/hat_0038.jpg,,,,hats
dataset/raw/hat/hat_0039.jpg,,,,hats
dataset/raw/hat/hat_0040.jpg,,,,hats
dataset/raw/hat/hat_0041.jpg,,,,hats
dataset/raw/hat/hat_0042.jpg,,,,hats
dataset/raw/hat/hat_0043.jpg,,,,hats
dataset/raw/hat/hat_0044.jpg,,,,hats
dataset/raw/hat/hat_0045.jpg,,,,hats
dataset/raw/hat/hat_0046.jpg,,,,hats
dataset/raw/hat/hat_0047.jpg,,,,hats
dataset/raw/hat/hat_0048.jpg,,,,hats
dataset/raw/hat/hat_0049.jpg,,,,hats
dataset/raw/hat/hat_0050.jpg,,,,hats
dataset/raw/hat/hat_0051.jpg,,,,hats
dataset/raw/hat/hat_0052.jpg,,,,hats
dataset/raw/hat/hat_0053.jpg,,,,hats
dataset/raw/hat/hat_0054.jpg,,,,hats
dataset/raw/hat/hat_0055.jpg,,,,hats
dataset/raw/hat/hat_0056.jpg,,,,hats
dataset/raw/hat/hat_0057.jpg,,,,hats
dataset/raw/hat/hat_0058.jpg,,,,hats
dataset/raw/hat/hat_0059.jpg,,,,hats
dataset/raw/hat/hat_0060.jpg,,,,hats
dataset/raw/headphones/headphones_0001.jpg,,,,headphones
dataset/raw/headphones/headphones_0002.jpg,,,,headphones
dataset/raw/headphones/headphones_0003.jpg,,,,headphones
dataset/raw/headphones/headphones_0004.jpg,,,,headphones
dataset/raw/headphones/headphones_0005.jpg,,,,headphones
dataset/raw/headphones/headphones_0006.jpg,,,,headphones
dataset/raw/headphones/headphones_0007.jpg,,,,headphones
dataset/raw/headphones/headphones_0008.jpg,,,,headphones
dataset/raw/headphones/headphones_0009.jpg,,,,headphones
dataset/raw/headphones/headphones_0010.jpg,,,,headphones
dataset/raw/headphones/headphones_0011.jpg,,,,headphones
dataset/raw/headphones/headphones_0012.jpg,,,,headphones
dataset/raw/headphones/headphones_0013.jpg,,,,headphones
dataset/raw/headphones/headphones_0014.jpg,,,,headphones
dataset/raw/headphones/headphones_0015.jpg,,,,headphones
dataset/raw/headphones/headphones_0016.jpg,,,,headphones
dataset/raw/headphones/headphones_0017.jpg,,,,headphones
dataset/raw/headphones/headphones_0018.jpg,,,,headphones
dataset/raw/headphones/headphones_0019.jpg,,,,headphones
dataset/raw/headphones/headphones_0020.jpg,,,,headphones
dataset/raw/headphones/headphones_0021.jpg,,,,headphones
dataset/raw/headphones/headphones_0022.jpg,,,,headphones
dataset/raw/headphones/headphones_0023.jpg,,,,headphones
dataset/raw/headphones/headphones_0024.jpg,,,,headphones
dataset/raw/headphones/headphones_0025.jpg,,,,headphones
dataset/raw/headphones/headphones_0026.jpg,,,,headphones
dataset/raw/headphones/headphones_0027.jpg,,,,headphones
dataset/raw/headphones/headphones_0028.jpg,,,,headphones
dataset/raw/headphones/headphones_0029.jpg,,,,headphones
dataset/raw/headphones/headphones_0030.jpg,,,,headphones
dataset/raw/headphones/headphones_0031.jpg,,,,headphones
dataset/raw/headphones/headphones_0032.jpg,,,,headphones
dataset/raw/headphones/headphones_0033.jpg,,,,headphones
dataset/raw/headphones/headphones_0034.jpg,,,,headphones
dataset/raw/headphones/headphones_0035.jpg,,,,headphones
dataset/raw/headphones/headphones_0036.jpg,,,,headphones
dataset/raw/headphones/headphones_0037.jpg,,,,headphones
dataset/raw/headphones/headphones_0038.jpg,,,,headphones
dataset/raw/headphones/headphones_0039.jpg,,,,headphones
dataset/raw/headphones/headphones_0040.jpg,,,,headphones
dataset/raw/headphones/headphones_0041.jpg,,,,headphones
dataset/raw/headphones/headphones_0042.jpg,,,,headphones
dataset/raw/headphones/headphones_0043.jpg,,,,headphones
dataset/raw/headphones/headphones_0044.jpg,,,,headphones
dataset/raw/headphones/headphones_0045.jpg,,,,headphones
dataset/raw/headphones/headphones_0046.jpg,,,,headphones
dataset/raw/headphones/headphones_0047.jpg,,,,headphones
dataset/raw/headphones/headphones_0048.jpg,,,,headphones
dataset/raw/headphones/headphones_0049.jpg,,,,headphones
dataset/raw/headphones/headphones_0050.jpg,,,,headphones
dataset/raw/headphones/headphones_0051.jpg,,,,headphones
dataset/raw/headphones/headphones_0052.jpg,,,,headphones
dataset/raw/headphones/headphones_0053.jpg,,,,headphones
dataset/raw/headphones/headphones_0054.jpg,,,,headphones
dataset/raw/headphones/headphones_0055.jpg,,,,headphones
dataset/raw/headphones/headphones_0056.jpg,,,,headphones
dataset/raw/headphones/headphones_0057.jpg,,,,headphones
dataset/raw/headphones/headphones_0058.jpg,,,,headphones
dataset/raw/headphones/headphones_0059.jpg,,,,headphones
dataset/raw/headphones/headphones_0060.jpg,,,,headphones
dataset/raw/jacket/jacket_0001.jpg,,,,jackets
dataset/raw/jacket/jacket_0002.jpg,,,,jackets
dataset/raw/jacket/jacket_0003.jpg,,,,jackets
dataset/raw/jacket/jacket_0004.jpg,,,,jackets
dataset/raw/jacket/jacket_0005.jpg,,,,jackets
dataset/raw/jacket/jacket_0006.jpg,,,,jackets
dataset/raw/jacket/jacket_0007.jpg,,,,jackets
dataset/raw/jacket/jacket_0008.jpg,,,,jackets
dataset/raw/jacket/jacket_0009.jpg,,,,jackets
dataset/raw/jacket/jacket_0010.jpg,,,,jackets
dataset/raw/jacket/jacket_0011.jpg,,,,jackets
dataset/raw/jacket/jacket_0012.jpg,,,,jackets
dataset/raw/jacket/jacket_0013.jpg,,,,jackets
dataset/raw/jacket/jacket_0014.jpg,,,,jackets
dataset/raw/jacket/jacket_0015.jpg,,,,jackets
dataset/raw/jacket/jacket_0016.jpg,,,,jackets
dataset/raw/jacket/jacket_0017.jpg,,,,jackets
dataset/raw/jacket/jacket_0018.jpg,,,,jackets
dataset/raw/jacket/jacket_0019.jpg,,,,jackets
dataset/raw/jacket/jacket_0020.jpg,,,,jackets
dataset/raw/jacket/jacket_0021.jpg,,,,jackets
dataset/raw/jacket/jacket_0022.jpg,,,,jackets
dataset/raw/jacket/jacket_0023.jpg,,,,jackets
dataset/raw/jacket/jacket_0024.jpg,,,,jackets
dataset/raw/jacket/jacket_0025.jpg,,,,jackets
dataset/raw/jacket/jacket_0026.jpg,,,,jackets
dataset/raw/jacket/jacket_0027.jpg,,,,jackets
dataset/raw/jacket/jacket_0028.jpg,,,,jackets
dataset/raw/jacket/jacket_0029.jpg,,,,jackets
dataset/raw/jacket/jacket_0030.jpg,,,,jackets
dataset/raw/jacket/jacket_0031.jpg,,,,jackets
dataset/raw/jacket/jacket_0032.jpg,,,,jackets
dataset/raw/jacket/jacket_0033.jpg,,,,jackets
dataset/raw/jacket/jacket_0034.jpg,,,,jackets
dataset/raw/jacket/jacket_0035.jpg,,,,jackets
dataset/raw/jacket/jacket_0036.jpg,,,,jackets
dataset/raw/jacket/jacket_0037.jpg,,,,jackets
dataset/raw/jacket/jacket_0038.jpg,,,,jackets
dataset/raw/jacket/jacket_0039.jpg,,,,jackets
dataset/raw/jacket/jacket_0040.jpg,,,,jackets
dataset/raw/jacket/jacket_0041.jpg,,,,jackets
dataset/raw/jacket/jacket_0042.jpg,,,,jackets
dataset/raw/jacket/jacket_0043.jpg,,,,jackets
dataset/raw/jacket/jacket_0044.jpg,,,,jackets
dataset/raw/jacket/jacket_0045.jpg,,,,jackets
dataset/raw/jacket/jacket_0046.jpg,,,,jackets
dataset/raw/jacket/jacket_0047.jpg,,,,jackets
dataset/raw/jacket/jacket_0048.jpg,,,,jackets
dataset/raw/jacket/jacket_0049.jpg,,,,jackets
dataset/raw/jacket/jacket_0050.jpg,,,,jackets
dataset/raw/jacket/jacket_0051.jpg,,,,jackets
dataset/raw/jacket/jacket_0052.jpg,,,,jackets
dataset/raw/jacket/jacket_0053.jpg,,,,jackets
dataset/raw/jacket/jacket_0054.jpg,,,,jackets
dataset/raw/jacket/jacket_0055.jpg,,,,jackets
dataset/raw/jacket/jacket_0056.jpg,,,,jackets
dataset/raw/jacket/jacket_0057.jpg,,,,jackets
dataset/raw/jacket/jacket_0058.jpg,,,,jackets
dataset/raw/jacket/jacket_0059.jpg,,,,jackets
dataset/raw/jacket/jacket_0060.jpg,,,,jackets
dataset/raw/lipstick/lipstick_0001.jpg,,,,lipsticks
dataset/raw/lipstick/lipstick_0002.jpg,,,,lipsticks
dataset/raw/lipstick/lipstick_0003.jpg,,,,lipsticks
dataset/raw/lipstick/lipstick_0004.jpg,,,,lipsticks
dataset/raw/lipstick/lipstick_0005.jpg,,,,lipsticks
dataset/raw/lipstick/lipstick_0006.jpg,,,,lipsticks
dataset/raw/lipstick/lipstick_0007.jpg,,,,lipsticks
dataset/raw/lipstick/lipstick_0008.jpg,,,,lipsticks
dataset/raw/lipstick/lipstick_0009.jpg,,,,lipsticks
dataset/raw/lipstick/lipstick_0010.jpg,,,,lipsticks
dataset/raw/lipstick/lipstick_0011.jpg,,,,lipsticks
dataset/raw/lipstick/lipstick_0012.jpg,,,,lipsticks
dataset/raw/lipstick/lipstick_0013.jpg,,,,lipsticks
dataset/raw/lipstick/lipstick_0014.jpg,,,,lipsticks
dataset/raw/lipstick/lipstick_0015.jpg,,,,lipsticks
dataset/raw/lipstick/lipstick_0016.jpg,,,,lipsticks
dataset/raw/lipstick/lipstick_0017.jpg,,,,lipsticks
dataset/raw/lipstick/lipstick_0018.jpg,,,,lipsticks
dataset/raw/lipstick/lipstick_0019.jpg,,,,lipsticks
dataset/raw/lipstick/lipstick_0020.jpg,,,,lipsticks
dataset/raw/lipstick/lipstick_0021.jpg,,,,lipsticks
dataset/raw/lipstick/lipstick_0022.jpg,,,,lipsticks
dataset/raw/lipstick/lipstick_0023.jpg,,,,lipsticks
dataset/raw/lipstick/lipstick_0024.jpg,,,,lipsticks
dataset/raw/lipstick/lipstick_0025.jpg,,,,lipsticks
dataset/raw/lipstick/lipstick_0026.jpg,,,,lipsticks
dataset/raw/lipstick/lipstick_0027.jpg,,,,lipsticks
dataset/raw/lipstick/lipstick_0028.jpg,,,,lipsticks
dataset/raw/lipstick/lipstick_0029.jpg,,,,lipsticks
dataset/raw/lipstick/lipstick_0030.jpg,,,,lipsticks
dataset/raw/lipstick/lipstick_0031.jpg,,,,lipsticks
dataset/raw/lipstick/lipstick_0032.jpg,,,,lipsticks
dataset/raw/lipstick/lipstick_0033.jpg,,,,lipsticks
dataset/raw/lipstick/lipstick_0034.jpg,,,,lipsticks
dataset/raw/lipstick/lipstick_0035.jpg,,,,lipsticks
dataset/raw/lipstick/lipstick_0036.jpg,,,,lipsticks
dataset/raw/lipstick/lipstick_0037.jpg,,,,lipsticks
dataset/raw/lipstick/lipstick_0038.jpg,,,,lipsticks
dataset/raw/lipstick/lipstick_0039.jpg,,,,lipsticks
dataset/raw/lipstick/lipstick_0040.jpg,,,,lipsticks
dataset/raw/lipstick/lipstick_0041.jpg,,,,lipsticks
dataset/raw/lipstick/lipstick_0042.jpg,,,,lipsticks
dataset/raw/lipstick/lipstick_0043.jpg,,,,lipsticks
dataset/raw/lipstick/lipstick_0044.jpg,,,,lipsticks
dataset/raw/lipstick/lipstick_0045.jpg,,,,lipsticks
dataset/raw/lipstick/lipstick_0046.jpg,,,,lipsticks
dataset/raw/lipstick/lipstick_0047.jpg,,,,lipsticks
dataset/raw/lipstick/lipstick_0048.jpg,,,,lipsticks
dataset/raw/lipstick/lipstick_0049.jpg,,,,lipsticks
dataset/raw/lipstick/lipstick_0050.jpg,,,,lipsticks
dataset/raw/lipstick/lipstick_0051.jpg,,,,lipsticks
dataset/raw/lipstick/lipstick_0052.jpg,,,,lipsticks
dataset/raw/lipstick/lipstick_0053.jpg,,,,lipsticks
dataset/raw/lipstick/lipstick_0054.jpg,,,,lipsticks
dataset/raw/lipstick/lipstick_0055.jpg,,,,lipsticks
dataset/raw/lipstick/lipstick_0056.jpg,,,,lipsticks
dataset/raw/lipstick/lipstick_0057.jpg,,,,lipsticks
dataset/raw/lipstick/lipstick_0058.jpg,,,,lipsticks
dataset/raw/lipstick/lipstick_0059.jpg,,,,lipsticks
dataset/raw/lipstick/lipstick_0060.jpg,,,,lipsticks
dataset/raw/notebook/notebook_0001.jpg,,,,notebooks
dataset/raw/notebook/notebook_0002.jpg,,,,notebooks
dataset/raw/notebook/notebook_0003.jpg,,,,notebooks
dataset/raw/notebook/notebook_0004.jpg,,,,notebooks
dataset/raw/notebook/notebook_0005.jpg,,,,notebooks
dataset/raw/notebook/notebook_0006.jpg,,,,notebooks
dataset/raw/notebook/notebook_0007.jpg,,,,notebooks
dataset/raw/notebook/notebook_0008.jpg,,,,notebooks
dataset/raw/notebook/notebook_0009.jpg,,,,notebooks
dataset/raw/notebook/notebook_0010.jpg,,,,notebooks
dataset/raw/notebook/notebook_0011.jpeg,,,,notebooks
dataset/raw/notebook/notebook_0012.jpg,,,,notebooks
dataset/raw/notebook/notebook_0013.jpg,,,,notebooks
dataset/raw/notebook/notebook_0014.jpg,,,,notebooks
dataset/raw/notebook/notebook_0015.jpg,,,,notebooks
dataset/raw/notebook/notebook_0016.jpg,,,,notebooks
dataset/raw/notebook/notebook_0017.jpg,,,,notebooks
dataset/raw/notebook/notebook_0018.jpg,,,,notebooks
dataset/raw/notebook/notebook_0019.jpg,,,,notebooks
dataset/raw/notebook/notebook_0020.jpg,,,,notebooks
dataset/raw/notebook/notebook_0021.jpg,,,,notebooks
dataset/raw/notebook/notebook_0022.jpg,,,,notebooks
dataset/raw/notebook/notebook_0023.jpg,,,,notebooks
dataset/raw/notebook/notebook_0024.jpg,,,,notebooks
dataset/raw/notebook/notebook_0025.jpg,,,,notebooks
dataset/raw/notebook/notebook_0026.jpg,,,,notebooks
dataset/raw/notebook/notebook_0027.jpg,,,,notebooks
dataset/raw/notebook/notebook_0028.jpg,,,,notebooks
dataset/raw/notebook/notebook_0029.jpg,,,,notebooks
dataset/raw/notebook/notebook_0030.jpg,,,,notebooks
dataset/raw/notebook/notebook_0031.jpg,,,,notebooks
dataset/raw/notebook/notebook_0032.jpg,,,,notebooks
dataset/raw/notebook/notebook_0033.jpg,,,,notebooks
dataset/raw/notebook/notebook_0034.jpg,,,,notebooks
dataset/raw/notebook/notebook_0035.jpg,,,,notebooks
dataset/raw/notebook/notebook_0036.jpg,,,,notebooks
dataset/raw/notebook/notebook_0037.jpg,,,,notebooks
dataset/raw/notebook/notebook_0038.jpg,,,,notebooks
dataset/raw/notebook/notebook_0039.jpg,,,,notebooks
dataset/raw/notebook/notebook_0040.jpg,,,,notebooks
dataset/raw/notebook/notebook_0041.jpg,,,,notebooks
dataset/raw/notebook/notebook_0042.jpg,,,,notebooks
dataset/raw/notebook/notebook_0043.jpg,,,,notebooks
dataset/raw/notebook/notebook_0044.jpg,,,,notebooks
dataset/raw/notebook/notebook_0045.jpg,,,,notebooks
dataset/raw/notebook/notebook_0046.jpg,,,,notebooks
dataset/raw/notebook/notebook_0047.jpg,,,,notebooks
dataset/raw/notebook/notebook_0048.jpg,,,,notebooks
dataset/raw/notebook/notebook_0049.jpg,,,,notebooks
dataset/raw/notebook/notebook_0050.jpg,,,,notebooks
dataset/raw/notebook/notebook_0051.jpg,,,,notebooks
dataset/raw/notebook/notebook_0052.jpg,,,,notebooks
dataset/raw/notebook/notebook_0053.jpg,,,,notebooks
dataset/raw/notebook/notebook_0054.jpg,,,,notebooks
dataset/raw/notebook/notebook_0055.jpg,,,,notebooks
dataset/raw/notebook/notebook_0056.jpg,,,,notebooks
dataset/raw/notebook/notebook_0057.jpg,,,,notebooks
dataset/raw/notebook/notebook_0058.jpg,,,,notebooks
dataset/raw/notebook/notebook_0059.jpg,,,,notebooks
dataset/raw/notebook/notebook_0060.jpg,,,,notebooks
dataset/raw/perfume/perfume_0001.jpg,,,,perfumes
dataset/raw/perfume/perfume_0002.jpg,,,,perfumes
dataset/raw/perfume/perfume_0003.jpg,,,,perfumes
dataset/raw/perfume/perfume_0004.jpg,,,,perfumes
dataset/raw/perfume/perfume_0005.jpg,,,,perfumes
dataset/raw/perfume/perfume_0006.jpg,,,,perfumes
dataset/raw/perfume/perfume_0007.jpg,,,,perfumes
dataset/raw/perfume/perfume_0008.jpg,,,,perfumes
dataset/raw/perfume/perfume_0009.jpg,,,,perfumes
dataset/raw/perfume/perfume_0010.jpg,,,,perfumes
dataset/raw/perfume/perfume_0011.jpg,,,,perfumes
dataset/raw/perfume/perfume_0012.jpg,,,,perfumes
dataset/raw/perfume/perfume_0013.jpg,,,,perfumes
dataset/raw/perfume/perfume_0014.jpg,,,,perfumes
dataset/raw/perfume/perfume_0015.jpg,,,,perfumes
dataset/raw/perfume/perfume_0016.jpg,,,,perfumes
dataset/raw/perfume/perfume_0017.jpg,,,,perfumes
dataset/raw/perfume/perfume_0018.jpg,,,,perfumes
dataset/raw/perfume/perfume_0019.jpg,,,,perfumes
dataset/raw/perfume/perfume_0020.jpg,,,,perfumes
dataset/raw/perfume/perfume_0021.jpg,,,,perfumes
dataset/raw/perfume/perfume_0022.jpg,,,,perfumes
dataset/raw/perfume/perfume_0023.jpg,,,,perfumes
dataset/raw/perfume/perfume_0024.jpg,,,,perfumes
dataset/raw/perfume/perfume_0025.jpg,,,,perfumes
dataset/raw/perfume/perfume_0026.jpg,,,,perfumes
dataset/raw/perfume/perfume_0027.jpg,,,,perfumes
dataset/raw/perfume/perfume_0028.jpg,,,,perfumes
dataset/raw/perfume/perfume_0029.jpg,,,,perfumes
dataset/raw/perfume/perfume_0030.jpg,,,,perfumes
dataset/raw/perfume/perfume_0031.jpg,,,,perfumes
dataset/raw/perfume/perfume_0032.jpg,,,,perfumes
dataset/raw/perfume/perfume_0033.jpg,,,,perfumes
dataset/raw/perfume/perfume_0034.jpg,,,,perfumes
dataset/raw/perfume/perfume_0035.jpg,,,,perfumes
dataset/raw/perfume/perfume_0036.jpg,,,,perfumes
dataset/raw/perfume/perfume_0037.jpg,,,,perfumes
dataset/raw/perfume/perfume_0038.jpg,,,,perfumes
dataset/raw/perfume/perfume_0039.jpg,,,,perfumes
dataset/raw/perfume/perfume_0040.jpg,,,,perfumes
dataset/raw/perfume/perfume_0041.jpg,,,,perfumes
dataset/raw/perfume/perfume_0042.jpg,,,,perfumes
dataset/raw/perfume/perfume_0043.jpg,,,,perfumes
dataset/raw/perfume/perfume_0044.jpg,,,,perfumes
dataset/raw/perfume/perfume_0045.jpg,,,,perfumes
dataset/raw/perfume/perfume_0046.jpg,,,,perfumes
dataset/raw/perfume/perfume_0047.jpg,,,,perfumes
dataset/raw/perfume/perfume_0048.jpg,,,,perfumes
dataset/raw/perfume/perfume_0049.jpg,,,,perfumes
dataset/raw/perfume/perfume_0050.jpg,,,,perfumes
dataset/raw/perfume/perfume_0051.jpg,,,,perfumes
dataset/raw/perfume/perfume_0052.jpg,,,,perfumes
dataset/raw/perfume/perfume_0053.jpg,,,,perfumes
dataset/raw/perfume/perfume_0054.jpg,,,,perfumes
dataset/raw/perfume/perfume_0055.jpg,,,,perfumes
dataset/raw/perfume/perfume_0056.jpg,,,,perfumes
dataset/raw/perfume/perfume_0057.jpg,,,,perfumes
dataset/raw/perfume/perfume_0058.jpg,,,,perfumes
dataset/raw/perfume/perfume_0059.jpg,,,,perfumes
dataset/raw/perfume/perfume_0060.jpg,,,,perfumes
dataset/raw/phone/phone_0001.jpg,,,,phones
dataset/raw/phone/phone_0002.jpg,,,,phones
dataset/raw/phone/phone_0003.jpg,,,,phones
dataset/raw/phone/phone_0004.jpg,,,,phones
dataset/raw/phone/phone_0005.jpg,,,,phones
dataset/raw/phone/phone_0006.jpg,,,,phones
dataset/raw/phone/phone_0007.jpg,,,,phones
dataset/raw/phone/phone_0008.jpg,,,,phones
dataset/raw/phone/phone_0009.jpg,,,,phones
dataset/raw/phone/phone_0010.jpg,,,,phones
dataset/raw/phone/phone_0011.jpg,,,,phones
dataset/raw/phone/phone_0012.jpg,,,,phones
dataset/raw/phone/phone_0013.jpg,,,,phones
dataset/raw/phone/phone_0014.jpg,,,,phones
dataset/raw/phone/phone_0015.jpg,,,,phones
dataset/raw/phone/phone_0016.jpg,,,,phones
dataset/raw/phone/phone_0017.jpg,,,,phones
dataset/raw/phone/phone_0018.jpg,,,,phones
dataset/raw/phone/phone_0019.jpg,,,,phones
dataset/raw/phone/phone_0020.jpg,,,,phones
dataset/raw/phone/phone_0021.jpg,,,,phones
dataset/raw/phone/phone_0022.jpg,,,,phones
dataset/raw/phone/phone_0023.jpg,,,,phones
dataset/raw/phone/phone_0024.jpg,,,,phones
dataset/raw/phone/phone_0025.jpg,,,,phones
dataset/raw/phone/phone_0026.jpg,,,,phones
dataset/raw/phone/phone_0027.jpg,,,,phones
dataset/raw/phone/phone_0028.jpg,,,,phones
dataset/raw/phone/phone_0029.jpg,,,,phones
dataset/raw/phone/phone_0030.jpg,,,,phones
dataset/raw/phone/phone_0031.jpg,,,,phones
dataset/raw/phone/phone_0032.jpg,,,,phones
dataset/raw/phone/phone_0033.jpg,,,,phones
dataset/raw/phone/phone_0034.jpg,,,,phones
dataset/raw/phone/phone_0035.jpg,,,,phones
dataset/raw/phone/phone_0036.jpg,,,,phones
dataset/raw/phone/phone_0037.jpg,,,,phones
dataset/raw/phone/phone_0038.jpg,,,,phones
dataset/raw/phone/phone_0039.jpg,,,,phones
dataset/raw/phone/phone_0040.jpg,,,,phones
dataset/raw/phone/phone_0041.jpg,,,,phones
dataset/raw/phone/phone_0042.jpg,,,,phones
dataset/raw/phone/phone_0043.jpg,,,,phones
dataset/raw/phone/phone_0044.jpg,,,,phones
dataset/raw/phone/phone_0045.jpg,,,,phones
dataset/raw/phone/phone_0046.jpg,,,,phones
dataset/raw/phone/phone_0047.jpg,,,,phones
dataset/raw/phone/phone_0048.jpg,,,,phones
dataset/raw/phone/phone_0049.jpg,,,,phones
dataset/raw/phone/phone_0050.jpg,,,,phones
dataset/raw/phone/phone_0051.jpg,,,,phones
dataset/raw/phone/phone_0052.jpg,,,,phones
dataset/raw/phone/phone_0053.jpg,,,,phones
dataset/raw/phone/phone_0054.jpg,,,,phones
dataset/raw/phone/phone_0055.jpg,,,,phones
dataset/raw/phone/phone_0056.jpg,,,,phones
dataset/raw/phone/phone_0057.jpg,,,,phones
dataset/raw/phone/phone_0058.jpg,,,,phones
dataset/raw/phone/phone_0059.jpg,,,,phones
dataset/raw/phone/phone_0060.jpg,,,,phones
dataset/raw/shirt/shirt_0001.jpg,,,,shirts
dataset/raw/shirt/shirt_0002.jpg,,,,shirts
dataset/raw/shirt/shirt_0003.jpg,,,,shirts
dataset/raw/shirt/shirt_0004.jpg,,,,shirts
dataset/raw/shirt/shirt_0005.jpg,,,,shirts
dataset/raw/shirt/shirt_0006.jpg,,,,shirts
dataset/raw/shirt/shirt_0007.jpg,,,,shirts
dataset/raw/shirt/shirt_0008.jpg,,,,shirts
dataset/raw/shirt/shirt_0009.jpg,,,,shirts
dataset/raw/shirt/shirt_0010.jpg,,,,shirts
dataset/raw/shirt/shirt_0011.jpg,,,,shirts
dataset/raw/shirt/shirt_0012.jpg,,,,shirts
dataset/raw/shirt/shirt_0013.jpg,,,,shirts
dataset/raw/shirt/shirt_0014.jpg,,,,shirts
dataset/raw/shirt/shirt_0015.jpg,,,,shirts
dataset/raw/shirt/shirt_0016.jpg,,,,shirts
dataset/raw/shirt/shirt_0017.jpg,,,,shirts
dataset/raw/shirt/shirt_0018.jpg,,,,shirts
dataset/raw/shirt/shirt_0019.jpg,,,,shirts
dataset/raw/shirt/shirt_0020.jpg,,,,shirts
dataset/raw/shirt/shirt_0021.jpg,,,,shirts
dataset/raw/shirt/shirt_0022.jpg,,,,shirts
dataset/raw/shirt/shirt_0023.jpg,,,,shirts
dataset/raw/shirt/shirt_0024.jpg,,,,shirts
dataset/raw/shirt/shirt_0025.jpg,,,,shirts
dataset/raw/shirt/shirt_0026.jpg,,,,shirts
dataset/raw/shirt/shirt_0027.jpg,,,,shirts
dataset/raw/shirt/shirt_0028.jpg,,,,shirts
dataset/raw/shirt/shirt_0029.jpg,,,,shirts
dataset/raw/shirt/shirt_0030.jpg,,,,shirts
dataset/raw/shirt/shirt_0031.jpg,,,,shirts
dataset/raw/shirt/shirt_0032.jpg,,,,shirts
dataset/raw/shirt/shirt_0033.jpg,,,,shirts
dataset/raw/shirt/shirt_0034.jpg,,,,shirts
dataset/raw/shirt/shirt_0035.jpg,,,,shirts
dataset/raw/shirt/shirt_0036.jpg,,,,shirts
dataset/raw/shirt/shirt_0037.jpg,,,,shirts
dataset/raw/shirt/shirt_0038.jpg,,,,shirts
dataset/raw/shirt/shirt_0039.jpg,,,,shirts
dataset/raw/shirt/shirt_0040.jpg,,,,shirts
dataset/raw/shirt/shirt_0041.jpg,,,,shirts
dataset/raw/shirt/shirt_0042.jpg,,,,shirts
dataset/raw/shirt/shirt_0043.jpg,,,,shirts
dataset/raw/shirt/shirt_0044.jpg,,,,shirts
dataset/raw/shirt/shirt_0045.jpg,,,,shirts
dataset/raw/shirt/shirt_0046.jpg,,,,shirts
dataset/raw/shirt/shirt_0047.jpg,,,,shirts
dataset/raw/shirt/shirt_0048.jpg,,,,shirts
dataset/raw/shirt/shirt_0049.jpg,,,,shirts
dataset/raw/shirt/shirt_0050.jpg,,,,shirts
dataset/raw/shirt/shirt_0051.jpg,,,,shirts
dataset/raw/shirt/shirt_0052.jpg,,,,shirts
dataset/raw/shirt/shirt_0053.jpg,,,,shirts
dataset/raw/shirt/shirt_0054.jpg,,,,shirts
dataset/raw/shirt/shirt_0055.jpg,,,,shirts
dataset/raw/shirt/shirt_0056.jpg,,,,shirts
dataset/raw/shirt/shirt_0057.jpg,,,,shirts
dataset/raw/shirt/shirt_0058.jpg,,,,shirts
dataset/raw/shirt/shirt_0059.jpg,,,,shirts
dataset/raw/shirt/shirt_0060.jpg,,,,shirts
dataset/raw/shoes/shoes_0001.jpg,,,,shoes
dataset/raw/shoes/shoes_0002.jpg,,,,shoes
dataset/raw/shoes/shoes_0003.jpg,,,,shoes
dataset/raw/shoes/shoes_0004.jpg,,,,shoes
dataset/raw/shoes/shoes_0005.jpg,,,,shoes
dataset/raw/shoes/shoes_0006.jpg,,,,shoes
dataset/raw/shoes/shoes_0007.jpg,,,,shoes
dataset/raw/shoes/shoes_0008.jpg,,,,shoes
dataset/raw/shoes/shoes_0009.jpg,,,,shoes
dataset/raw/shoes/shoes_0010.jpg,,,,shoes
dataset/raw/shoes/shoes_0011.jpg,,,,shoes
dataset/raw/shoes/shoes_0012.jpg,,,,shoes
dataset/raw/shoes/shoes_0013.jpg,,,,shoes
dataset/raw/shoes/shoes_0014.jpg,,,,shoes
dataset/raw/shoes/shoes_0015.jpg,,,,shoes
dataset/raw/shoes/shoes_0016.jpg,,,,shoes
dataset/raw/shoes/shoes_0017.jpg,,,,shoes
dataset/raw/shoes/shoes_0018.jpg,,,,shoes
dataset/raw/shoes/shoes_0019.jpg,,,,shoes
dataset/raw/shoes/shoes_0020.jpg,,,,shoes
dataset/raw/shoes/shoes_0021.jpg,,,,shoes
dataset/raw/shoes/shoes_0022.jpg,,,,shoes
dataset/raw/shoes/shoes_0023.jpg,,,,shoes
dataset/raw/shoes/shoes_0024.jpg,,,,shoes
dataset/raw/shoes/shoes_0025.jpg,,,,shoes
dataset/raw/shoes/shoes_0026.jpg,,,,shoes
dataset/raw/shoes/shoes_0027.jpg,,,,shoes
dataset/raw/shoes/shoes_0028.jpg,,,,shoes
dataset/raw/shoes/shoes_0029.jpg,,,,shoes
dataset/raw/shoes/shoes_0030.jpg,,,,shoes
dataset/raw/shoes/shoes_0031.jpg,,,,shoes
dataset/raw/shoes/shoes_0032.jpg,,,,shoes
dataset/raw/shoes/shoes_0033.jpg,,,,shoes
dataset/raw/shoes/shoes_0034.jpg,,,,shoes
dataset/raw/shoes/shoes_0035.jpg,,,,shoes
dataset/raw/shoes/shoes_0036.jpg,,,,shoes
dataset/raw/shoes/shoes_0037.jpg,,,,shoes
dataset/raw/shoes/shoes_0038.jpg,,,,shoes
dataset/raw/shoes/shoes_0039.jpg,,,,shoes
dataset/raw/shoes/shoes_0040.jpg,,,,shoes
dataset/raw/shoes/shoes_0041.jpg,,,,shoes
dataset/raw/shoes/shoes_0042.jpg,,,,shoes
dataset/raw/shoes/shoes_0043.jpg,,,,shoes
dataset/raw/shoes/shoes_0044.jpg,,,,shoes
dataset/raw/shoes/shoes_0045.jpg,,,,shoes
dataset/raw/shoes/shoes_0046.jpg,,,,shoes
dataset/raw/shoes/shoes_0047.jpg,,,,shoes
dataset/raw/shoes/shoes_0048.jpg,,,,shoes
dataset/raw/shoes/shoes_0049.jpg,,,,shoes
dataset/raw/shoes/shoes_0050.jpg,,,,shoes
dataset/raw/shoes/shoes_0051.jpg,,,,shoes
dataset/raw/shoes/shoes_0052.jpg,,,,shoes
dataset/raw/shoes/shoes_0053.jpg,,,,shoes
dataset/raw/shoes/shoes_0054.jpg,,,,shoes
dataset/raw/shoes/shoes_0055.jpg,,,,shoes
dataset/raw/shoes/shoes_0056.jpg,,,,shoes
dataset/raw/shoes/shoes_0057.jpg,,,,shoes
dataset/raw/shoes/shoes_0058.jpg,,,,shoes
dataset/raw/shoes/shoes_0059.jpg,,,,shoes
dataset/raw/shoes/shoes_0060.jpg,,,,shoes
dataset/raw/socks/socks_0001.jpg,,,,socks
dataset/raw/socks/socks_0002.jpg,,,,socks
dataset/raw/socks/socks_0003.jpg,,,,socks
dataset/raw/socks/socks_0004.jpg,,,,socks
dataset/raw/socks/socks_0005.jpg,,,,socks
dataset/raw/socks/socks_0006.jpg,,,,socks
dataset/raw/socks/socks_0007.jpg,,,,socks
dataset/raw/socks/socks_0008.jpg,,,,socks
dataset/raw/socks/socks_0009.jpg,,,,socks
dataset/raw/socks/socks_0010.jpg,,,,socks
dataset/raw/socks/socks_0011.jpg,,,,socks
dataset/raw/socks/socks_0012.jpg,,,,socks
dataset/raw/socks/socks_0013.jpg,,,,socks
dataset/raw/socks/socks_0014.jpg,,,,socks
dataset/raw/socks/socks_0015.jpg,,,,socks
dataset/raw/socks/socks_0016.jpg,,,,socks
dataset/raw/socks/socks_0017.jpg,,,,socks
dataset/raw/socks/socks_0018.jpg,,,,socks
dataset/raw/socks/socks_0019.jpg,,,,socks
dataset/raw/socks/socks_0020.jpg,,,,socks
dataset/raw/socks/socks_0021.jpg,,,,socks
dataset/raw/socks/socks_0022.jpg,,,,socks
dataset/raw/socks/socks_0023.jpg,,,,socks
dataset/raw/socks/socks_0024.jpg,,,,socks
dataset/raw/socks/socks_0025.jpg,,,,socks
dataset/raw/socks/socks_0026.jpg,,,,socks
dataset/raw/socks/socks_0027.jpg,,,,socks
dataset/raw/socks/socks_0028.jpg,,,,socks
dataset/raw/socks/socks_0029.jpg,,,,socks
dataset/raw/socks/socks_0030.jpg,,,,socks
dataset/raw/socks/socks_0031.jpg,,,,socks
dataset/raw/socks/socks_0032.jpg,,,,socks
dataset/raw/socks/socks_0033.jpg,,,,socks
dataset/raw/socks/socks_0034.jpg,,,,socks
dataset/raw/socks/socks_0035.jpg,,,,socks
dataset/raw/socks/socks_0036.jpg,,,,socks
dataset/raw/socks/socks_0037.jpg,,,,socks
dataset/raw/socks/socks_0038.jpg,,,,socks
dataset/raw/socks/socks_0039.jpg,,,,socks
dataset/raw/socks/socks_0040.jpg,,,,socks
dataset/raw/socks/socks_0041.jpg,,,,socks
dataset/raw/socks/socks_0042.jpg,,,,socks
dataset/raw/socks/socks_0043.jpg,,,,socks
dataset/raw/socks/socks_0044.jpg,,,,socks
dataset/raw/socks/socks_0045.jpg,,,,socks
dataset/raw/socks/socks_0046.jpg,,,,socks
dataset/raw/socks/socks_0047.jpg,,,,socks
dataset/raw/socks/socks_0048.jpg,,,,socks
dataset/raw/socks/socks_0049.jpg,,,,socks
dataset/raw/socks/socks_0050.jpg,,,,socks
dataset/raw/socks/socks_0051.jpg,,,,socks
dataset/raw/socks/socks_0052.jpg,,,,socks
dataset/raw/socks/socks_0053.jpg,,,,socks
dataset/raw/socks/socks_0054.jpg,,,,socks
dataset/raw/socks/socks_0055.jpg,,,,socks
dataset/raw/socks/socks_0056.jpg,,,,socks
dataset/raw/socks/socks_0057.jpg,,,,socks
dataset/raw/socks/socks_0058.jpg,,,,socks
dataset/raw/socks/socks_0059.jpg,,,,socks
dataset/raw/socks/socks_0060.jpg,,,,socks
dataset/raw/tie/tie_0001.jpg,,,,ties
dataset/raw/tie/tie_0002.jpg,,,,ties
dataset/raw/tie/tie_0003.jpg,,,,ties
dataset/raw/tie/tie_0004.jpg,,,,ties
dataset/raw/tie/tie_0005.jpg,,,,ties
dataset/raw/tie/tie_0006.jpg,,,,ties
dataset/raw/tie/tie_0007.jpg,,,,ties
dataset/raw/tie/tie_0008.jpg,,,,ties
dataset/raw/tie/tie_0009.jpg,,,,ties
dataset/raw/tie/tie_0010.jpg,,,,ties
dataset/raw/tie/tie_0011.jpg,,,,ties
dataset/raw/tie/tie_0012.jpg,,,,ties
dataset/raw/tie/tie_0013.jpg,,,,ties
dataset/raw/tie/tie_0014.jpg,,,,ties
dataset/raw/tie/tie_0015.jpg,,,,ties
dataset/raw/tie/tie_0016.jpg,,,,ties
dataset/raw/tie/tie_0017.jpg,,,,ties
dataset/raw/tie/tie_0018.jpg,,,,ties
dataset/raw/tie/tie_0019.jpg,,,,ties
dataset/raw/tie/tie_0020.jpg,,,,ties
dataset/raw/tie/tie_0021.jpg,,,,ties
dataset/raw/tie/tie_0022.jpg,,,,ties
dataset/raw/tie/tie_0023.jpg,,,,ties
dataset/raw/tie/tie_0024.jpg,,,,ties
dataset/raw/tie/tie_0025.jpg,,,,ties
dataset/raw/tie/tie_0026.jpg,,,,ties
dataset/raw/tie/tie_0027.jpg,,,,ties
dataset/raw/tie/tie_0028.jpg,,,,ties
dataset/raw/tie/tie_0029.jpg,,,,ties
dataset/raw/tie/tie_0030.jpg,,,,ties
dataset/raw/tie/tie_0031.jpg,,,,ties
dataset/raw/tie/tie_0032.jpg,,,,ties
dataset/raw/tie/tie_0033.jpg,,,,ties
dataset/raw/tie/tie_0034.jpg,,,,ties
dataset/raw/tie/tie_0035.jpg,,,,ties
dataset/raw/tie/tie_0036.jpg,,,,ties
dataset/raw/tie/tie_0037.jpg,,,,ties
dataset/raw/tie/tie_0038.jpg,,,,ties
dataset/raw/tie/tie_0039.jpg,,,,ties
dataset/raw/tie/tie_0040.jpg,,,,ties
dataset/raw/tie/tie_0041.jpg,,,,ties
dataset/raw/tie/tie_0042.jpg,,,,ties
dataset/raw/tie/tie_0043.jpg,,,,ties
dataset/raw/tie/tie_0044.jpg,,,,ties
dataset/raw/tie/tie_0045.jpg,,,,ties
dataset/raw/tie/tie_0046.jpg,,,,ties
dataset/raw/tie/tie_0047.jpg,,,,ties
dataset/raw/tie/tie_0048.jpg,,,,ties
dataset/raw/tie/tie_0049.jpg,,,,ties
dataset/raw/tie/tie_0050.jpg,,,,ties
dataset/raw/tie/tie_0051.jpg,,,,ties
dataset/raw/tie/tie_0052.jpg,,,,ties
dataset/raw/tie/tie_0053.jpg,,,,ties
dataset/raw/tie/tie_0054.jpg,,,,ties
dataset/raw/tie/tie_0055.jpg,,,,ties
dataset/raw/tie/tie_0056.jpg,,,,ties
dataset/raw/tie/tie_0057.jpg,,,,ties
dataset/raw/tie/tie_0058.jpg,,,,ties
dataset/raw/tie/tie_0059.jpg,,,,ties
dataset/raw/tie/tie_0060.jpg,,,,ties
dataset/raw/umbrella/umbrella_0001.jpg,,,,umbrellas
dataset/raw/umbrella/umbrella_0002.jpg,,,,umbrellas
dataset/raw/umbrella/umbrella_0003.jpg,,,,umbrellas
dataset/raw/umbrella/umbrella_0004.jpg,,,,umbrellas
dataset/raw/umbrella/umbrella_0005.jpg,,,,umbrellas
dataset/raw/umbrella/umbrella_0006.jpg,,,,umbrellas
dataset/raw/umbrella/umbrella_0007.jpg,,,,umbrellas
dataset/raw/umbrella/umbrella_0008.jpg,,,,umbrellas
dataset/raw/umbrella/umbrella_0009.jpg,,,,umbrellas
dataset/raw/umbrella/umbrella_0010.jpg,,,,umbrellas
dataset/raw/umbrella/umbrella_0011.jpg,,,,umbrellas
dataset/raw/umbrella/umbrella_0012.jpg,,,,umbrellas
dataset/raw/umbrella/umbrella_0013.jpg,,,,umbrellas
dataset/raw/umbrella/umbrella_0014.jpg,,,,umbrellas
dataset/raw/umbrella/umbrella_0015.jpg,,,,umbrellas
dataset/raw/umbrella/umbrella_0016.jpg,,,,umbrellas
dataset/raw/umbrella/umbrella_0017.jpg,,,,umbrellas
dataset/raw/umbrella/umbrella_0018.jpg,,,,umbrellas
dataset/raw/umbrella/umbrella_0019.jpg,,,,umbrellas
dataset/raw/umbrella/umbrella_0020.jpg,,,,umbrellas
dataset/raw/umbrella/umbrella_0021.jpg,,,,umbrellas
dataset/raw/umbrella/umbrella_0022.jpg,,,,umbrellas
dataset/raw/umbrella/umbrella_0023.jpg,,,,umbrellas
dataset/raw/umbrella/umbrella_0024.jpg,,,,umbrellas
dataset/raw/umbrella/umbrella_0025.jpg,,,,umbrellas
dataset/raw/umbrella/umbrella_0026.jpg,,,,umbrellas
dataset/raw/umbrella/umbrella_0027.jpg,,,,umbrellas
dataset/raw/umbrella/umbrella_0028.jpg,,,,umbrellas
dataset/raw/umbrella/umbrella_0029.jpg,,,,umbrellas
dataset/raw/umbrella/umbrella_0030.jpg,,,,umbrellas
dataset/raw/umbrella/umbrella_0031.jpg,,,,umbrellas
dataset/raw/umbrella/umbrella_0032.jpg,,,,umbrellas
dataset/raw/umbrella/umbrella_0033.jpg,,,,umbrellas
dataset/raw/umbrella/umbrella_0034.jpg,,,,umbrellas
dataset/raw/umbrella/umbrella_0035.jpg,,,,umbrellas
dataset/raw/umbrella/umbrella_0036.jpg,,,,umbrellas
dataset/raw/umbrella/umbrella_0037.jpg,,,,umbrellas
dataset/raw/umbrella/umbrella_0038.jpg,,,,umbrellas
dataset/raw/umbrella/umbrella_0039.jpg,,,,umbrellas
dataset/raw/umbrella/umbrella_0040.jpg,,,,umbrellas
dataset/raw/umbrella/umbrella_0041.jpg,,,,umbrellas
dataset/raw/umbrella/umbrella_0042.jpg,,,,umbrellas
dataset/raw/umbrella/umbrella_0043.jpg,,,,umbrellas
dataset/raw/umbrella/umbrella_0044.jpg,,,,umbrellas
dataset/raw/umbrella/umbrella_0045.jpg,,,,umbrellas
dataset/raw/umbrella/umbrella_0046.jpg,,,,umbrellas
dataset/raw/umbrella/umbrella_0047.jpg,,,,umbrellas
dataset/raw/umbrella/umbrella_0048.jpg,,,,umbrellas
dataset/raw/umbrella/umbrella_0049.jpg,,,,umbrellas
dataset/raw/umbrella/umbrella_0050.jpg,,,,umbrellas
dataset/raw/umbrella/umbrella_0051.jpg,,,,umbrellas
dataset/raw/umbrella/umbrella_0052.jpg,,,,umbrellas
dataset/raw/umbrella/umbrella_0053.jpg,,,,umbrellas
dataset/raw/umbrella/umbrella_0054.jpg,,,,umbrellas
dataset/raw/umbrella/umbrella_0055.jpg,,,,umbrellas
dataset/raw/umbrella/umbrella_0056.jpg,,,,umbrellas
dataset/raw/umbrella/umbrella_0057.jpg,,,,umbrellas
dataset/raw/umbrella/umbrella_0058.jpg,,,,umbrellas
dataset/raw/umbrella/umbrella_0059.jpg,,,,umbrellas
dataset/raw/umbrella/umbrella_0060.jpg,,,,umbrellas
dataset/raw/wallet/wallet_0001.jpg,,,,wallets
dataset/raw/wallet/wallet_0002.jpg,,,,wallets
dataset/raw/wallet/wallet_0003.jpg,,,,wallets
dataset/raw/wallet/wallet_0004.jpg,,,,wallets
dataset/raw/wallet/wallet_0005.jpg,,,,wallets
dataset/raw/wallet/wallet_0006.jpg,,,,wallets
dataset/raw/wallet/wallet_0007.jpg,,,,wallets
dataset/raw/wallet/wallet_0008.jpg,,,,wallets
dataset/raw/wallet/wallet_0009.jpg,,,,wallets
dataset/raw/wallet/wallet_0010.jpg,,,,wallets
dataset/raw/wallet/wallet_0011.jpg,,,,wallets
dataset/raw/wallet/wallet_0012.jpg,,,,wallets
dataset/raw/wallet/wallet_0013.jpg,,,,wallets
dataset/raw/wallet/wallet_0014.jpg,,,,wallets
dataset/raw/wallet/wallet_0015.jpg,,,,wallets
dataset/raw/wallet/wallet_0016.jpg,,,,wallets
dataset/raw/wallet/wallet_0017.jpg,,,,wallets
dataset/raw/wallet/wallet_0018.jpg,,,,wallets
dataset/raw/wallet/wallet_0019.jpg,,,,wallets
dataset/raw/wallet/wallet_0020.jpg,,,,wallets
dataset/raw/wallet/wallet_0021.jpg,,,,wallets
dataset/raw/wallet/wallet_0022.jpg,,,,wallets
dataset/raw/wallet/wallet_0023.jpg,,,,wallets
dataset/raw/wallet/wallet_0024.jpg,,,,wallets
dataset/raw/wallet/wallet_0025.jpg,,,,wallets
dataset/raw/wallet/wallet_0026.jpg,,,,wallets
dataset/raw/wallet/wallet_0027.jpg,,,,wallets
dataset/raw/wallet/wallet_0028.jpg,,,,wallets
dataset/raw/wallet/wallet_0029.jpg,,,,wallets
dataset/raw/wallet/wallet_0030.jpg,,,,wallets
dataset/raw/wallet/wallet_0031.jpg,,,,wallets
dataset/raw/wallet/wallet_0032.jpg,,,,wallets
dataset/raw/wallet/wallet_0033.jpg,,,,wallets
dataset/raw/wallet/wallet_0034.jpg,,,,wallets
dataset/raw/wallet/wallet_0035.jpg,,,,wallets
dataset/raw/wallet/wallet_0036.jpg,,,,wallets
dataset/raw/wallet/wallet_0037.jpg,,,,wallets
dataset/raw/wallet/wallet_0038.jpg,,,,wallets
dataset/raw/wallet/wallet_0039.jpg,,,,wallets
dataset/raw/wallet/wallet_0040.jpg,,,,wallets
dataset/raw/wallet/wallet_0041.jpg,,,,wallets
dataset/raw/wallet/wallet_0042.jpg,,,,wallets
dataset/raw/wallet/wallet_0043.jpg,,,,wallets
dataset/raw/wallet/wallet_0044.jpg,,,,wallets
dataset/raw/wallet/wallet_0045.jpg,,,,wallets
dataset/raw/wallet/wallet_0046.jpg,,,,wallets
dataset/raw/wallet/wallet_0047.jpg,,,,wallets
dataset/raw/wallet/wallet_0048.jpg,,,,wallets
dataset/raw/wallet/wallet_0049.jpg,,,,wallets
dataset/raw/wallet/wallet_0050.jpg,,,,wallets
dataset/raw/wallet/wallet_0051.jpg,,,,wallets
dataset/raw/wallet/wallet_0052.jpg,,,,wallets
dataset/raw/wallet/wallet_0053.jpg,,,,wallets
dataset/raw/wallet/wallet_0054.jpg,,,,wallets
dataset/raw/wallet/wallet_0055.jpg,,,,wallets
dataset/raw/wallet/wallet_0056.jpg,,,,wallets
dataset/raw/wallet/wallet_0057.jpg,,,,wallets
dataset/raw/wallet/wallet_0058.jpg,,,,wallets
dataset/raw/wallet/wallet_0059.jpg,,,,wallets
dataset/raw/wallet/wallet_0060.jpg,,,,wallets
dataset/raw/watch/watch_0001.jpg,,,,watches
dataset/raw/watch/watch_0002.jpg,,,,watches
dataset/raw/watch/watch_0003.jpg,,,,watches
dataset/raw/watch/watch_0004.jpg,,,,watches
dataset/raw/watch/watch_0005.jpg,,,,watches
dataset/raw/watch/watch_0006.jpg,,,,watches
dataset/raw/watch/watch_0007.jpg,,,,watches
dataset/raw/watch/watch_0008.jpg,,,,watches
dataset/raw/watch/watch_0009.jpg,,,,watches
dataset/raw/watch/watch_0010.jpg,,,,watches
dataset/raw/watch/watch_0011.jpg,,,,watches
dataset/raw/watch/watch_0012.jpg,,,,watches
dataset/raw/watch/watch_0013.jpg,,,,watches
dataset/raw/watch/watch_0014.jpg,,,,watches
dataset/raw/watch/watch_0015.jpg,,,,watches
dataset/raw/watch/watch_0016.jpg,,,,watches
dataset/raw/watch/watch_0017.jpg,,,,watches
dataset/raw/watch/watch_0018.jpg,,,,watches
dataset/raw/watch/watch_0019.jpg,,,,watches
dataset/raw/watch/watch_0020.jpg,,,,watches
dataset/raw/watch/watch_0021.jpg,,,,watches
dataset/raw/watch/watch_0022.jpg,,,,watches
dataset/raw/watch/watch_0023.jpg,,,,watches
dataset/raw/watch/watch_0024.jpg,,,,watches
dataset/raw/watch/watch_0025.jpg,,,,watches
dataset/raw/watch/watch_0026.jpg,,,,watches
dataset/raw/watch/watch_0027.jpg,,,,watches
dataset/raw/watch/watch_0028.jpg,,,,watches
dataset/raw/watch/watch_0029.jpg,,,,watches
dataset/raw/watch/watch_0030.jpg,,,,watches
dataset/raw/watch/watch_0031.jpg,,,,watches
dataset/raw/watch/watch_0032.jpg,,,,watches
dataset/raw/watch/watch_0033.jpg,,,,watches
dataset/raw/watch/watch_0034.jpg,,,,watches
dataset/raw/watch/watch_0035.jpg,,,,watches
dataset/raw/watch/watch_0036.jpg,,,,watches
dataset/raw/watch/watch_0037.jpg,,,,watches
dataset/raw/watch/watch_0038.jpg,,,,watches
dataset/raw/watch/watch_0039.jpg,,,,watches
dataset/raw/watch/watch_0040.jpg,,,,watches
dataset/raw/watch/watch_0041.jpg,,,,watches
dataset/raw/watch/watch_0042.jpg,,,,watches
dataset/raw/watch/watch_0043.jpg,,,,watches
dataset/raw/watch/watch_0044.jpg,,,,watches
dataset/raw/watch/watch_0045.jpg,,,,watches
dataset/raw/watch/watch_0046.jpg,,,,watches
dataset/raw/watch/watch_0047.jpg,,,,watches
dataset/raw/watch/watch_0048.jpg,,,,watches
dataset/raw/watch/watch_0049.jpg,,,,watches
dataset/raw/watch/watch_0050.jpg,,,,watches
dataset/raw/watch/watch_0051.jpg,,,,watches
dataset/raw/watch/watch_0052.jpg,,,,watches
dataset/raw/watch/watch_0053.jpg,,,,watches
dataset/raw/watch/watch_0054.jpg,,,,watches
dataset/raw/watch/watch_0055.jpg,,,,watches
dataset/raw/watch/watch_0056.jpg,,,,watches
dataset/raw/watch/watch_0057.jpg,,,,watches
dataset/raw/watch/watch_0058.jpg,,,,watches
dataset/raw/watch/watch_0059.jpg,,,,watches
dataset/raw/watch/watch_0060.jpg,,,,watches
